post_id,title,created_utc,score,num_comments
1l2ufwn,Season 7 - Episode 1 - Post Episode Discussion,1749004256.0,190,3366
1l3o4md,Season 7 - Episode 2 - Post Episode Discussion,1749090637.0,100,2436
1l4gvaf,Season 7 - Episode 3 - Post Episode Discussion,1749175234.0,130,3688
1l59nye,Season 7 - Episode 4 - Post Episode Discussion,1749261658.0,109,4229
1l613tj,Season 7 - Episode 5 Aftersun ðŸ”† - Post Episode Discussion,1749348058.0,22,331
1l6t4hf,Season 7 - Episode 6 - Post Episode Discussion,1749434474.0,100,4489
1l7n1ar,Season 7 - Episode 7 - Post Episode Discussion,1749520867.0,112,4673
1l8gvon,Season 7 - Episode 8 - Post Episode Discussion,1749607255.0,123,6271
1la4byp,Season 7 - Episode 9 - Post Episode Discussion,1749780066.0,146,4910
1laxbqf,Season 7 - Episode 10 - Post Episode Discussion,1749866460.0,105,4769
1lbp32n,Season 7 - Episode 11 Aftersun ðŸ”† - Post Episode Discussion,1749952861.0,25,467
1lch5ml,Season 7 - Episode 12 - Post Episode Discussion,1750039294.0,371,15029
1le5pnn,Season 7 - Episode 14 - Post Episode Discussion,1750213152.0,207,10737
1lfsbxo,Season 7 - Episode 15 - Post Episode Discussion,1750384858.0,122,6683
