comment,score,created_utc,author,episode_post_id,episode_title
"### **SORT** this Discussion &#x1F3A8;
---
- sort **by** [BEST](https://www.reddit.com/r/LoveIslandUSA/comments/1l613tj/season_7_episode_5_aftersun_post_episode//?sort=confidence) comments
- sort **by** [FIRST](https://www.reddit.com/r/LoveIslandUSA/comments/1l613tj/season_7_episode_5_aftersun_post_episode//?sort=old) comments
- sort **by** [CONTROVERSIAL](https://www.reddit.com/r/LoveIslandUSA/comments/1l613tj/season_7_episode_5_aftersun_post_episode//?sort=controversial) comments

*I am a bot, and this action was performed automatically. Please [contact the moderators of this subreddit](/message/compose/?to=/r/LoveIslandUSA) if you have any questions or concerns.*",1,1749348058.0,AutoModerator,1l613tj,Season 7 - Episode 5 Aftersun ğŸ”† - Post Episode Discussion
"Tbh I love that Arianna mentions Orlandia as her crush, she really is great. Also, glad sheâ€™s taking the perspective of the islanders needing to let loose. It makes no sense for people to be closed off this early.",91,1749349536.0,Ashamed_Tea_3731,1l613tj,Season 7 - Episode 5 Aftersun ğŸ”† - Post Episode Discussion
Itâ€™s always so weird seeing Ian sterlingâ€™s face ğŸ˜…ğŸ˜‚,93,1749351318.0,honeybutterslut,1l613tj,Season 7 - Episode 5 Aftersun ğŸ”† - Post Episode Discussion
"Re. Jeremiah mentioning winning - numerous past Islanders have said that people *do* talk about the game, winning, IG followers etc in the villa. It rarely makes the edit because it breaks the the fourth wall. For Jeremiahâ€™s comment to be included in an episode, either heâ€™s gameplaying so blatantly they canâ€™t ignore it (as with Jake in UK S7) or the producers donâ€™t like him that much. Either way I donâ€™t think the producers are pushing him to win!",84,1749381014.0,buffys_sushi_pjs,1l613tj,Season 7 - Episode 5 Aftersun ğŸ”† - Post Episode Discussion
"Ok I was dying at Cely and Callum in the hideaway. When they were trying out whatever sex position that was and Callum being confused, I lost it ğŸ˜†",62,1749351020.0,Ok-Dinner9759,1l613tj,Season 7 - Episode 5 Aftersun ğŸ”† - Post Episode Discussion
I love that Ariana also calls belldasha belldasha ğŸ˜‚ğŸ˜‚ğŸ˜‚,63,1749393323.0,obsoletevoids,1l613tj,Season 7 - Episode 5 Aftersun ğŸ”† - Post Episode Discussion
â€œAustin looks like he reads with his fingerâ€ lmaooooo this killed me! And then Callum agreeing and talking about reading line by line with a ruler ğŸ˜­ğŸ˜­ğŸ˜­ğŸ˜­ğŸ¤£ğŸ¤£ğŸ¤£,122,1749359222.0,Active_Interview6240,1l613tj,Season 7 - Episode 5 Aftersun ğŸ”† - Post Episode Discussion
When the boys were rapping.. who tf said â€œbreed meâ€?? Was it Austin?,57,1749348743.0,amandasafeandsound,1l613tj,Season 7 - Episode 5 Aftersun ğŸ”† - Post Episode Discussion
hannah and amaya are giving a live fifth harmony performance where they are just not on the same page with their facial expressions and hand movements ğŸ˜­ they should have interviewed them separately,60,1749350990.0,celerycat24,1l613tj,Season 7 - Episode 5 Aftersun ğŸ”† - Post Episode Discussion
callum you sweet summer child,56,1749351225.0,cosmosomsoc,1l613tj,Season 7 - Episode 5 Aftersun ğŸ”† - Post Episode Discussion
"Amaya talks over people too much, she is odd. Is she nervous???",55,1749349386.0,Few_Cicada5244,1l613tj,Season 7 - Episode 5 Aftersun ğŸ”† - Post Episode Discussion
Yulissa who?  Love that they don't even mention her.,102,1749349097.0,-Petty-Crocker-,1l613tj,Season 7 - Episode 5 Aftersun ğŸ”† - Post Episode Discussion
Cely saying that Austin â€œlooks like he needs to use his fingers to readâ€ got me dying,45,1749355521.0,Reasonable_Fun3170,1l613tj,Season 7 - Episode 5 Aftersun ğŸ”† - Post Episode Discussion
Olandria is my favorite Islander by a mile. I love how she really is that friend that can be supportive and direct all at once. We all need an Olandria,128,1749350470.0,Askanything236,1l613tj,Season 7 - Episode 5 Aftersun ğŸ”† - Post Episode Discussion
This will sound silly but sometimes I Google â€˜current time in Fijiâ€™ just to see what time it is and wonder what the Islanders are doing right now ğŸ˜‚,85,1749361202.0,Askanything236,1l613tj,Season 7 - Episode 5 Aftersun ğŸ”† - Post Episode Discussion
The bombshells interview was sort of hard to watch. Amaya was doing entirely too much and the giggling-yikes,111,1749348978.0,Upstairs_Oven957,1l613tj,Season 7 - Episode 5 Aftersun ğŸ”† - Post Episode Discussion
"Omg, I forgot how much I love Sophie Monk!

I actually don't know her from Love Island - I remembered \*15 minutes in\* that I watched her season of The Bachelorette Australia. The way she said ""naurrr""  reminded me. She's so fun and charismatic. Really loving her holding Maura's place for the summer.",34,1749348295.0,snazikin,1l613tj,Season 7 - Episode 5 Aftersun ğŸ”† - Post Episode Discussion
I normally donâ€™t watch the after sunâ€¦ but Iâ€™m digging it ngl,38,1749351124.0,honeybutterslut,1l613tj,Season 7 - Episode 5 Aftersun ğŸ”† - Post Episode Discussion
"Cely and Jess are fine, but Callum makes the panel. Without him, it doesn't work.",69,1749353552.0,Realistic-Lake5897,1l613tj,Season 7 - Episode 5 Aftersun ğŸ”† - Post Episode Discussion
"Super funny that Olandria and Chelley both described Ace as the biggest game player but both confirmed Chelleys interest in him regardless. We know heâ€™s a game player, but thatâ€™s what I love about him! Hopefully though, he forms a real connection. That would be nice to watch",68,1749348332.0,sagagrl,1l613tj,Season 7 - Episode 5 Aftersun ğŸ”† - Post Episode Discussion
Where they doing spoken word because that was not rapping ğŸ¥²,32,1749352220.0,bingewatcher101,1l613tj,Season 7 - Episode 5 Aftersun ğŸ”† - Post Episode Discussion
sophie is such a great addition !!!,58,1749351452.0,cameronsato,1l613tj,Season 7 - Episode 5 Aftersun ğŸ”† - Post Episode Discussion
"""so many missions, even tom cruise is trippin"" - Austin I was not familiar with your game",54,1749349808.0,RemarkableSubject375,1l613tj,Season 7 - Episode 5 Aftersun ğŸ”† - Post Episode Discussion
That was a fun ep! Iâ€™m actually going to tune in to after sun eps now,30,1749348958.0,Commercial_Candy_743,1l613tj,Season 7 - Episode 5 Aftersun ğŸ”† - Post Episode Discussion
"ariana giving what looked like the lesbian salute twice and frothing at the mouth over olandriaâ€™s body, iâ€™m obsessed, HAPPY PRIDE!!!!",29,1749356423.0,moonprincess642,1l613tj,Season 7 - Episode 5 Aftersun ğŸ”† - Post Episode Discussion
Ya Amayaâ€™s forced giggle makes me so uncomfy,83,1749349527.0,Commercial_Candy_743,1l613tj,Season 7 - Episode 5 Aftersun ğŸ”† - Post Episode Discussion
"So, it sounds like there wonâ€™t be an elimination on Sunday just a recoupling. Iâ€™m okay with that cuz the ones who are most likely to leave I think need a lil more time still but I do need them to start eliminating some people this week tho.",46,1749352970.0,One_Caramel7003,1l613tj,Season 7 - Episode 5 Aftersun ğŸ”† - Post Episode Discussion
Idk if im crazy but people are mad at the new bombshell for going for Ace but we wanted her to shake things up especially with Jeremiah so why is it a problem now? ğŸ˜­ unless it gets Chelley kicked off but itâ€™s not that deep I feel like for nowâ€¦and if it just makes Ace graduate towards Chelley even more thatâ€™ll solidify them imo,48,1749354764.0,Jazzlike-Hall7987,1l613tj,Season 7 - Episode 5 Aftersun ğŸ”† - Post Episode Discussion
The giggling and squeals from the bombshells interview ğŸ™„,62,1749353379.0,None,1l613tj,Season 7 - Episode 5 Aftersun ğŸ”† - Post Episode Discussion
Amaya feels so practiced - NOTHING she said or did on aftersun felt genuine - like it felt so robotic and rehearsed?? Just so bizarre to watch,93,1749352845.0,neelshret,1l613tj,Season 7 - Episode 5 Aftersun ğŸ”† - Post Episode Discussion
Cute episode! I love the panelist and the addition of Sophie! Excited for tomorrowğŸ’,20,1749348788.0,Realitygirl25,1l613tj,Season 7 - Episode 5 Aftersun ğŸ”† - Post Episode Discussion
I liked Sophie as the new host we'll see if Maura returns later in the season,21,1749384123.0,Islesitis,1l613tj,Season 7 - Episode 5 Aftersun ğŸ”† - Post Episode Discussion
"Okay so the bombshell interviewâ€¦. I liked Hannah, definitely she will go for Charlie, but Amaya was doing to much. I just donâ€™t think I like her mannerism.",58,1749351007.0,Sweetrk-2020,1l613tj,Season 7 - Episode 5 Aftersun ğŸ”† - Post Episode Discussion
"The After Sun made me like Olandria even more! She was already in my top 3 and she hasnâ€™t necessarily moved up spots but I really enjoyed her.

I also like that she admitted she and Taylor make sense on paper but donâ€™t seem to have that romantic spark yet. I like them both and they could potentially get there but Iâ€™ve seen a more platonic relationship so far.

Sidenotes: Wait, thereâ€™s only been 4 weddings in ALL of the Love Island universe? Those are terrible stats ğŸ˜‚

Very odd seeing Iain Stirling speak. It doesnâ€™t feel like the voice is actually coming out of him",39,1749356280.0,One_Caramel7003,1l613tj,Season 7 - Episode 5 Aftersun ğŸ”† - Post Episode Discussion
Now Iâ€™m really curious who ace ends up with on Sunday,15,1749348433.0,DavidFairyTail,1l613tj,Season 7 - Episode 5 Aftersun ğŸ”† - Post Episode Discussion
Why is callum being the voice of reason rn. This shit is weird.,17,1749349604.0,honeybutterslut,1l613tj,Season 7 - Episode 5 Aftersun ğŸ”† - Post Episode Discussion
I just love Sophie!! â¤ï¸,29,1749350520.0,Ayyyooothrowitaway,1l613tj,Season 7 - Episode 5 Aftersun ğŸ”† - Post Episode Discussion
Also do we think olandria was telling the truth about her favorite kiss? ğŸ¤” lol,28,1749359453.0,kaijuqueenie,1l613tj,Season 7 - Episode 5 Aftersun ğŸ”† - Post Episode Discussion
I didn't think it was humanly possible for anyone to giggle more than Cely...but then Amaya was born.,30,1749359649.0,Kumikochan_,1l613tj,Season 7 - Episode 5 Aftersun ğŸ”† - Post Episode Discussion
Cant wait to see what Chelly meant with cierra Will take your manÂ ,29,1749384635.0,Normal-Ad7269,1l613tj,Season 7 - Episode 5 Aftersun ğŸ”† - Post Episode Discussion
The most important part of the episode was when Cely said that Austin â€œlooks like he reads with his fingerâ€ ğŸ˜‚,13,1749417062.0,ahrupe,1l613tj,Season 7 - Episode 5 Aftersun ğŸ”† - Post Episode Discussion
"Iâ€™m just happy everyone talked about Hannahâ€™s â€œsex eyesâ€ during the challenge because it also had me SHOOK! 

My flabbers were gasted in the best way like I feel I learned something from her ğŸ¤­

Iâ€™ve never watched Aftersun before but I might be locked in especially with JaNa & Serena coming on next week.",42,1749351567.0,deecw328,1l613tj,Season 7 - Episode 5 Aftersun ğŸ”† - Post Episode Discussion
Nicâ€™s freestyling would give me the ick if I heard it in the villa,57,1749348565.0,cozysweaterclub,1l613tj,Season 7 - Episode 5 Aftersun ğŸ”† - Post Episode Discussion
Hollon Charlie was spitting bars ğŸ˜‚ğŸ˜‚ğŸ”¥,11,1749348719.0,tinkkonreddit,1l613tj,Season 7 - Episode 5 Aftersun ğŸ”† - Post Episode Discussion
Who do we think is getting eliminated?? I think someoneâ€™s going home tomorrow,10,1749350155.0,Personal_Guidance647,1l613tj,Season 7 - Episode 5 Aftersun ğŸ”† - Post Episode Discussion
wow I can't believe they said the aftersun studio got flooded but that it would be for only night only that they are filming from the villa we'll see next week where it's being filmed from.,11,1749383669.0,Islesitis,1l613tj,Season 7 - Episode 5 Aftersun ğŸ”† - Post Episode Discussion
"i couldnâ€™t even get thru the bombshell bit, they come across as such airheads",53,1749356056.0,traffeny,1l613tj,Season 7 - Episode 5 Aftersun ğŸ”† - Post Episode Discussion
Can someone tell me the PPG joke and context?,9,1749391811.0,NowMindYou,1l613tj,Season 7 - Episode 5 Aftersun ğŸ”† - Post Episode Discussion
Cellys face when the bombshells were on the screen was priceless ğŸ˜­ she clearly canâ€™t stand them either.. those two seem too young for this crowd,61,1749352010.0,Famous_Dimension3861,1l613tj,Season 7 - Episode 5 Aftersun ğŸ”† - Post Episode Discussion
"My summary:
- Sophie Monk is made for this. Ten times better than Maura.
- Olandria is the best islander so far.
- Arianaâ€™s job is to shit on the guys. Canâ€™t believe she called Jeremiah possessive and at the same time did not mention the shit Huda did and never called her out. And she said it clearly I normally donâ€™t cover especially if it is a guy. As a host she shouldnâ€™t be there to take gender sides.
- Callum and Cely are amazing guests, I donâ€™t feel Jess.
- the two new bombshells are annoying and immature",73,1749349575.0,Few_Tip3307,1l613tj,Season 7 - Episode 5 Aftersun ğŸ”† - Post Episode Discussion
Olandria a self proclaimed slow burner so i don't see a problem with her and Taylor's progression like she said that excess affection is literally the next step,26,1749354404.0,TotallyTyler15,1l613tj,Season 7 - Episode 5 Aftersun ğŸ”† - Post Episode Discussion
Arianna is so damn genuine and makes everyone around her seem way more genuine.,29,1749378373.0,AdorableLead,1l613tj,Season 7 - Episode 5 Aftersun ğŸ”† - Post Episode Discussion
"I think it should just be Callum & Cely on the panel, they have too big of personalities to have Jess there with them (I love them all thoughğŸ’—)",18,1749349980.0,dreamingofsunflowers,1l613tj,Season 7 - Episode 5 Aftersun ğŸ”† - Post Episode Discussion
Is it me or is host Sophie like Olivia Walker in 20 years??,14,1749377738.0,AdorableLead,1l613tj,Season 7 - Episode 5 Aftersun ğŸ”† - Post Episode Discussion
I really enjoyed this ep of Aftersun! Cant wait to see JaNa and Serena â¤ï¸â¤ï¸â¤ï¸,24,1749359261.0,kaijuqueenie,1l613tj,Season 7 - Episode 5 Aftersun ğŸ”† - Post Episode Discussion
"From what i get from aftersun 
As i predicted hannah is going to choose charlie 
Amiyah is going to choose ace",13,1749353317.0,bingewatcher101,1l613tj,Season 7 - Episode 5 Aftersun ğŸ”† - Post Episode Discussion
Aftersun made me like Olandria and Chelley more. Seems like they'll be good friends. They had so much chemistry tougher and I loved their answers.,7,1749426521.0,Fancy-Ant-8883,1l613tj,Season 7 - Episode 5 Aftersun ğŸ”† - Post Episode Discussion
"idk im liking this year's aftersun format more than last years, we just need maura back",6,1749405281.0,spicyneos,1l613tj,Season 7 - Episode 5 Aftersun ğŸ”† - Post Episode Discussion
This is my first exposure to Sophie monk and I had to turn on subtitles. I like her I just canâ€™t understand herğŸ˜‚ğŸ˜‚,14,1749354693.0,Scary-Link983,1l613tj,Season 7 - Episode 5 Aftersun ğŸ”† - Post Episode Discussion
Was this filmed before or after the recoupling?,5,1749354736.0,Express_Plant7476,1l613tj,Season 7 - Episode 5 Aftersun ğŸ”† - Post Episode Discussion
God here we go the Leah Stan's who made last years season so toxic coming out over a joke that landed wrong. NO ONE IS SLIGHTING LEAHH!!! Like fuck it's so annoying. There was love island before season 6! Will be love island after season 6! Like plzğŸ˜­ğŸ˜­ğŸ˜­ I'm so tired of it. I loved season 6 and will watch the spin off but stop comparing seasons and stop starting toxic bullshit drama,19,1749404720.0,Responsible-Sun-8920,1l613tj,Season 7 - Episode 5 Aftersun ğŸ”† - Post Episode Discussion
Arianna looks stunning!!!!! A++++ hair and makeup.,5,1749430081.0,ktb609,1l613tj,Season 7 - Episode 5 Aftersun ğŸ”† - Post Episode Discussion
Feel like Belle-A is way too attractive for anyone there.,12,1749377526.0,CompetitiveSugar6451,1l613tj,Season 7 - Episode 5 Aftersun ğŸ”† - Post Episode Discussion
Whyyy did chelley say cierra steals someoneâ€™s man?? I saw a clip but someone tell me she elaboratedğŸ˜­ im scared for my trio,16,1749348760.0,AnotherAnon688264759,1l613tj,Season 7 - Episode 5 Aftersun ğŸ”† - Post Episode Discussion
"I feel like oland like a man who id up on her physically and who we know likes to be touchy (nick) 
I rest my case",11,1749384314.0,bingewatcher101,1l613tj,Season 7 - Episode 5 Aftersun ğŸ”† - Post Episode Discussion
Amaya reminds me so much of a famous person and I canâ€™t figure out who it is,9,1749354466.0,Competition-Over,1l613tj,Season 7 - Episode 5 Aftersun ğŸ”† - Post Episode Discussion
Are they usually in the villa for after sun? Where do the islanders go while they shoot?,7,1749352840.0,dosesandmimosas201,1l613tj,Season 7 - Episode 5 Aftersun ğŸ”† - Post Episode Discussion
I donâ€™t usually watch after sun. And Iâ€™m not the biggest fan of Maura as the host (no one come for me lol) but this episode had such good energy! Everyone really vibed.,6,1749430215.0,ktb609,1l613tj,Season 7 - Episode 5 Aftersun ğŸ”† - Post Episode Discussion
Having three former Islanders talking over each other just doesn't do it for me. I wish they brought them in one at a time. It's just a lotta noise,15,1749348981.0,llcooldubs,1l613tj,Season 7 - Episode 5 Aftersun ğŸ”† - Post Episode Discussion
"am i overthinking it or was that a little shade thrown at leah when they mentioned PPG? & if so, can i ask why? i think im missing something if it was.",15,1749360414.0,Western-Spring-9888,1l613tj,Season 7 - Episode 5 Aftersun ğŸ”† - Post Episode Discussion
I feel like Kaylor is the best out of all the commercials,12,1749348316.0,skycat88,1l613tj,Season 7 - Episode 5 Aftersun ğŸ”† - Post Episode Discussion
I MISS MAURA WTF,10,1749353435.0,pickalull,1l613tj,Season 7 - Episode 5 Aftersun ğŸ”† - Post Episode Discussion
Idc I LOVE Amayaâ€™s laugh!,6,1749361517.0,Brittney_Gray,1l613tj,Season 7 - Episode 5 Aftersun ğŸ”† - Post Episode Discussion
How do you pronounce belledasha? For me itâ€™s belle dosh uh. I didnâ€™t like Arianaâ€™s pronunciation lol,8,1749348459.0,eternalteen,1l613tj,Season 7 - Episode 5 Aftersun ğŸ”† - Post Episode Discussion
I miss Maura as host,8,1749353240.0,None,1l613tj,Season 7 - Episode 5 Aftersun ğŸ”† - Post Episode Discussion
iâ€™m sorta in love with amaya & hannah idk theyâ€™re so extroverted & bubbly & pretty,7,1749354729.0,camaal,1l613tj,Season 7 - Episode 5 Aftersun ğŸ”† - Post Episode Discussion
[deleted],2,1749403064.0,None,1l613tj,Season 7 - Episode 5 Aftersun ğŸ”† - Post Episode Discussion
Hi I didnâ€™t watch aftersun can someone let me know if itâ€™s worth a watch or is it just a filler episode,2,1749407378.0,Straight-Boot-9529,1l613tj,Season 7 - Episode 5 Aftersun ğŸ”† - Post Episode Discussion
[deleted],1,1749348404.0,None,1l613tj,Season 7 - Episode 5 Aftersun ğŸ”† - Post Episode Discussion
Any link for aftersun?,1,1749350705.0,Real_Karma_009,1l613tj,Season 7 - Episode 5 Aftersun ğŸ”† - Post Episode Discussion
Was anyone else wondering what the bumps were on Arianaâ€™s neck?? Love her and hope sheâ€™s ok! ğŸ«¶ğŸ¼ğŸ«¶ğŸ¼,1,1749352351.0,strawacailemon,1l613tj,Season 7 - Episode 5 Aftersun ğŸ”† - Post Episode Discussion
Can yall give me a site to watch it. Flixer has no servers available,1,1749353346.0,aahil_akbar_42069,1l613tj,Season 7 - Episode 5 Aftersun ğŸ”† - Post Episode Discussion
PPG? PP but they donâ€™t talk about the G? Did something happen?,-2,1749349794.0,MuchHyena5448,1l613tj,Season 7 - Episode 5 Aftersun ğŸ”† - Post Episode Discussion
[removed],0,1749352355.0,None,1l613tj,Season 7 - Episode 5 Aftersun ğŸ”† - Post Episode Discussion
Iâ€™m confused on the jana and Serena tea with PPG? Why did they say thereâ€™s no â€˜Gâ€™ anymore and not to talk about it? Was leah the third in the group? What happened???,-6,1749360208.0,cg-wall,1l613tj,Season 7 - Episode 5 Aftersun ğŸ”† - Post Episode Discussion
[removed],-30,1749356962.0,None,1l613tj,Season 7 - Episode 5 Aftersun ğŸ”† - Post Episode Discussion
"Cely wants to throw up when she thinks of kissing Callum? 

Who in the hell does she think she is?",-46,1749350040.0,Realistic-Lake5897,1l613tj,Season 7 - Episode 5 Aftersun ğŸ”† - Post Episode Discussion
Yes!! I rarely see his face so itâ€™s crazy to think itâ€™s connected to a real person sometimes,25,1749351499.0,deecw328,1l613tj,Season 7 - Episode 5 Aftersun ğŸ”† - Post Episode Discussion
when he speaks and his face is shown iâ€™m likeâ€¦. who are you and what have you done to the narrator,12,1749368603.0,stardustlovrr,1l613tj,Season 7 - Episode 5 Aftersun ğŸ”† - Post Episode Discussion
I want to know more about the Pokemon cards on his mantle (at least I think thatâ€™s what it was),8,1749362495.0,FredericBropin,1l613tj,Season 7 - Episode 5 Aftersun ğŸ”† - Post Episode Discussion
exactly like this was definitely done on purpose,30,1749384268.0,RemarkableSubject375,1l613tj,Season 7 - Episode 5 Aftersun ğŸ”† - Post Episode Discussion
And Jessâ€™s reactions to it all had me dying ğŸ˜‚,18,1749353507.0,Comprehensive-Kale85,1l613tj,Season 7 - Episode 5 Aftersun ğŸ”† - Post Episode Discussion
"Lol after Cely called Callum her brother, I was like what are these two doing?!",26,1749351921.0,Complex-Present3609,1l613tj,Season 7 - Episode 5 Aftersun ğŸ”† - Post Episode Discussion
They were hilarious! Keep bringing them back after sun.,8,1749371708.0,bobaaficionado,1l613tj,Season 7 - Episode 5 Aftersun ğŸ”† - Post Episode Discussion
Fork found in the kitchen,36,1749348827.0,bexsapphic,1l613tj,Season 7 - Episode 5 Aftersun ğŸ”† - Post Episode Discussion
Either him or Nic I think ğŸ˜­,25,1749348969.0,loreiix,1l613tj,Season 7 - Episode 5 Aftersun ğŸ”† - Post Episode Discussion
Austin for suuuuureee. The man is a dog.,17,1749353961.0,pickalull,1l613tj,Season 7 - Episode 5 Aftersun ğŸ”† - Post Episode Discussion
"yessss, it was so awkward",5,1749355745.0,nessathebee,1l613tj,Season 7 - Episode 5 Aftersun ğŸ”† - Post Episode Discussion
Forever obsessed,8,1749353713.0,pickalull,1l613tj,Season 7 - Episode 5 Aftersun ğŸ”† - Post Episode Discussion
I just think he's so hot ğŸ”¥ğŸ”¥ğŸ”¥,12,1749351754.0,Realistic-Lake5897,1l613tj,Season 7 - Episode 5 Aftersun ğŸ”† - Post Episode Discussion
"I've met people like this. They mean well, I wish them the best, I can't be around them.",17,1749369835.0,IWouldBangAynRand,1l613tj,Season 7 - Episode 5 Aftersun ğŸ”† - Post Episode Discussion
She seems nervous and overcompensating.,5,1749371678.0,bobaaficionado,1l613tj,Season 7 - Episode 5 Aftersun ğŸ”† - Post Episode Discussion
Sheâ€™s sweet but she comes across as insincere,2,1749403810.0,snazikin,1l613tj,Season 7 - Episode 5 Aftersun ğŸ”† - Post Episode Discussion
"They were told not to, most likely.",37,1749351578.0,TwystedTynk-999,1l613tj,Season 7 - Episode 5 Aftersun ğŸ”† - Post Episode Discussion
I really like Olandria! Sheâ€™s my favorite rn but Chelley is a close second. Iâ€™m warming up to Belledasha too! Sheâ€™s coming out of her shell!,23,1749355423.0,Necessary_Nothing471,1l613tj,Season 7 - Episode 5 Aftersun ğŸ”† - Post Episode Discussion
I added it to my clock/weather apps ğŸ˜­,25,1749379932.0,obsoletevoids,1l613tj,Season 7 - Episode 5 Aftersun ğŸ”† - Post Episode Discussion
Thank you for the new obsession,12,1749363080.0,freakazoidchimpanzE,1l613tj,Season 7 - Episode 5 Aftersun ğŸ”† - Post Episode Discussion
Lol it's not silly. I do this tooğŸ¤£,5,1749361500.0,Remarkable_Owl1130,1l613tj,Season 7 - Episode 5 Aftersun ğŸ”† - Post Episode Discussion
I added it to my clock ğŸ˜­,6,1749362554.0,Trips_4_DayZ,1l613tj,Season 7 - Episode 5 Aftersun ğŸ”† - Post Episode Discussion
I do this too along with the weather lol,7,1749362729.0,FredericBropin,1l613tj,Season 7 - Episode 5 Aftersun ğŸ”† - Post Episode Discussion
So annoying!!! Way too much giggling and it made them come off like such airheads. Not cute,32,1749351893.0,ReginaPhalange678,1l613tj,Season 7 - Episode 5 Aftersun ğŸ”† - Post Episode Discussion
And her words werenâ€™t wording!,7,1749362490.0,Lavendermin,1l613tj,Season 7 - Episode 5 Aftersun ğŸ”† - Post Episode Discussion
I think I heard a few squeaks,11,1749355871.0,cosmosomsoc,1l613tj,Season 7 - Episode 5 Aftersun ğŸ”† - Post Episode Discussion
"Amaya seems like sheâ€™s there for creating chaos versus creating a connection.Â 

~~maybe huda clocked her correctly~~",3,1749394085.0,Queasy_Constant,1l613tj,Season 7 - Episode 5 Aftersun ğŸ”† - Post Episode Discussion
I loved hearing Hannahrrr lol,12,1749348761.0,Realitygirl25,1l613tj,Season 7 - Episode 5 Aftersun ğŸ”† - Post Episode Discussion
Such a silly little himbo ğŸ¥°ğŸ˜‚,43,1749355800.0,Cutiger29,1l613tj,Season 7 - Episode 5 Aftersun ğŸ”† - Post Episode Discussion
Callum is my favorite lol,7,1749380136.0,obsoletevoids,1l613tj,Season 7 - Episode 5 Aftersun ğŸ”† - Post Episode Discussion
Fully agree! Callum is a nutter!Â ,4,1749397203.0,Effective-Avocado-71,1l613tj,Season 7 - Episode 5 Aftersun ğŸ”† - Post Episode Discussion
"I'm wondering if he and Amaya are connecting more since what we've seen, since she mentioned him in their chat.",13,1749349992.0,queencityocd,1l613tj,Season 7 - Episode 5 Aftersun ğŸ”† - Post Episode Discussion
I had to mute & fast fwd,10,1749352806.0,Ok_Mathematician1024,1l613tj,Season 7 - Episode 5 Aftersun ğŸ”† - Post Episode Discussion
Sheâ€™s my fav love island host and I feel like her experience as the lead on the bachelorette aus makes her perfect to host a dating reality show. She gets it,26,1749355413.0,EnvironmentalType,1l613tj,Season 7 - Episode 5 Aftersun ğŸ”† - Post Episode Discussion
Sophie and Callum are so funny ğŸ˜‚,21,1749355735.0,ExtraJob1777,1l613tj,Season 7 - Episode 5 Aftersun ğŸ”† - Post Episode Discussion
Seriously imo the best just across all countries!!!!,12,1749351697.0,UsernameLaugh,1l613tj,Season 7 - Episode 5 Aftersun ğŸ”† - Post Episode Discussion
"this is my first love island season so i was a tiny bit disappointed, but it was interesting to see the other contestants that I donâ€™t know",4,1749356137.0,nessathebee,1l613tj,Season 7 - Episode 5 Aftersun ğŸ”† - Post Episode Discussion
I have to google lesbian salute lol!,6,1749377098.0,Ashleshavenus,1l613tj,Season 7 - Episode 5 Aftersun ğŸ”† - Post Episode Discussion
I think itâ€™s awkward and adorable,-18,1749349583.0,honeybutterslut,1l613tj,Season 7 - Episode 5 Aftersun ğŸ”† - Post Episode Discussion
"yeah i need austin gone, but if they did an elimination now it would be a girl and i donâ€™t like that",33,1749356611.0,moonprincess642,1l613tj,Season 7 - Episode 5 Aftersun ğŸ”† - Post Episode Discussion
the producers wonâ€™t let Chelley go this early. sheâ€™s already a fan favorite,33,1749359903.0,bigfeelingsbabe,1l613tj,Season 7 - Episode 5 Aftersun ğŸ”† - Post Episode Discussion
Idk why people are being so mean about the bombshells. They didnâ€™t even get that much camera time and plus their main objective is to be flirtatious and bubbly with the guys,19,1749361625.0,Brittney_Gray,1l613tj,Season 7 - Episode 5 Aftersun ğŸ”† - Post Episode Discussion
I don't see a scenario in which Ace and Chelley don't couple up. They've known each other since January,23,1749355153.0,TotallyTyler15,1l613tj,Season 7 - Episode 5 Aftersun ğŸ”† - Post Episode Discussion
We just have a lot of new watchers that canâ€™t fully process how the show works. Itâ€™s a love show that wants drama,11,1749364409.0,SufficientSport9561,1l613tj,Season 7 - Episode 5 Aftersun ğŸ”† - Post Episode Discussion
It was too much.,11,1749357379.0,gluckgluck10000,1l613tj,Season 7 - Episode 5 Aftersun ğŸ”† - Post Episode Discussion
"Her convo with Ace had the substance of a dry paper towel. â€œI laugh when something is funny. I laugh when Iâ€™m nervous.â€ LOL. I do think sheâ€™s nervous, but I also think thereâ€™s an inauthentic piece about her or something I canâ€™t quite put my finger on.",13,1749370810.0,fuzzyblackelephant,1l613tj,Season 7 - Episode 5 Aftersun ğŸ”† - Post Episode Discussion
i was just about to say that. Even the way she was moving when hannah was speaking felt rehearsed. Iâ€™ll give her a chance but iâ€™m already disappointed with the bombshells this season,26,1749353795.0,Wizergal,1l613tj,Season 7 - Episode 5 Aftersun ğŸ”† - Post Episode Discussion
iâ€™m still trying to feel amaya out i feel like sheâ€™d be sneaky or something idk i just canâ€™t put my finger on it. i think huda was doing entirely too much last night but knowing the bombshells watch the eps before they enter i wouldâ€™ve felt some type of way too but not that hard ğŸ˜­ also i think amayaâ€™s eyes throw me off. theyâ€™re really pretty but she has big doe eyes and a small face,26,1749353020.0,irdgaflol,1l613tj,Season 7 - Episode 5 Aftersun ğŸ”† - Post Episode Discussion
She kept copying what Hannah said,5,1749369942.0,StrikeWorldly9112,1l613tj,Season 7 - Episode 5 Aftersun ğŸ”† - Post Episode Discussion
She is The Monk. Love her love herÂ ,15,1749384605.0,Normal-Ad7269,1l613tj,Season 7 - Episode 5 Aftersun ğŸ”† - Post Episode Discussion
"even if there have been only four weddings, they actually have the better stats in terms of success than other reality shows. from all the lasting relationships (even the long ones that just didnâ€™t work out i would consider a sucess) and babies.",11,1749386777.0,goldeylocs,1l613tj,Season 7 - Episode 5 Aftersun ğŸ”† - Post Episode Discussion
I do love her. Sheâ€™s funny and seems to have â€œwhat it means to be on a reality howâ€ dialed in.Â ,1,1749397059.0,Effective-Avocado-71,1l613tj,Season 7 - Episode 5 Aftersun ğŸ”† - Post Episode Discussion
"At this point I feel like it could be Chelley, Amaya, OR Cierra lol",9,1749352725.0,Lightacademiagal,1l613tj,Season 7 - Episode 5 Aftersun ğŸ”† - Post Episode Discussion
Hell no thatâ€™s why Chelley said â€œreally?â€. Like Babes Taylor canâ€™t see this youâ€™re okayâ€¦,42,1749361528.0,DoubleTired_2645,1l613tj,Season 7 - Episode 5 Aftersun ğŸ”† - Post Episode Discussion
No smh I wish they would be honest lol,21,1749362448.0,Lavendermin,1l613tj,Season 7 - Episode 5 Aftersun ğŸ”† - Post Episode Discussion
I assumed it was because she was the first bombshell and therefore the only one to â€œtakeâ€ someoneâ€™s man atp. but I guess weâ€™ll see tonight!,12,1749394281.0,birthdaycake790,1l613tj,Season 7 - Episode 5 Aftersun ğŸ”† - Post Episode Discussion
i thought she said that bc all the boys stood for her and she took nic didnâ€™t seem like shade but idk,16,1749391166.0,CrazySimple2639,1l613tj,Season 7 - Episode 5 Aftersun ğŸ”† - Post Episode Discussion
Oh was it meant to mean something ğŸ˜¯ I thought she said Cierra cause technically she took Belle-Aâ€™s man. But youâ€™re saying that something must have happened and itâ€™ll show in tonightâ€™s ep?,2,1749388594.0,jacqueminots,1l613tj,Season 7 - Episode 5 Aftersun ğŸ”† - Post Episode Discussion
same ..,1,1749386270.0,Outrageous_Ad6776,1l613tj,Season 7 - Episode 5 Aftersun ğŸ”† - Post Episode Discussion
why was he just saying numbers ğŸ˜­,26,1749356666.0,moonprincess642,1l613tj,Season 7 - Episode 5 Aftersun ğŸ”† - Post Episode Discussion
"I think it depends on who couples up with Nic,Ace and Austin",15,1749350442.0,Fast_Diet_2559,1l613tj,Season 7 - Episode 5 Aftersun ğŸ”† - Post Episode Discussion
"Amaya, specifically after the interview on aftersun",9,1749351043.0,Sweetrk-2020,1l613tj,Season 7 - Episode 5 Aftersun ğŸ”† - Post Episode Discussion
Cierra,2,1749350875.0,kaIeidoscope-,1l613tj,Season 7 - Episode 5 Aftersun ğŸ”† - Post Episode Discussion
I could have swore it was up on a hill ğŸ˜‚,11,1749393518.0,obsoletevoids,1l613tj,Season 7 - Episode 5 Aftersun ğŸ”† - Post Episode Discussion
It's the constant giggling,10,1749365592.0,cherryswitchblade,1l613tj,Season 7 - Episode 5 Aftersun ğŸ”† - Post Episode Discussion
I actually Loved their vibe lol,2,1749358707.0,VanessaDrag0N,1l613tj,Season 7 - Episode 5 Aftersun ğŸ”† - Post Episode Discussion
I loved them. They understood their role and crushed it.Â ,1,1749397094.0,Effective-Avocado-71,1l613tj,Season 7 - Episode 5 Aftersun ğŸ”† - Post Episode Discussion
I thought that was bizarre as well. A joke that didn't land?,12,1749392315.0,peacelove_andmusic,1l613tj,Season 7 - Episode 5 Aftersun ğŸ”† - Post Episode Discussion
"So only Serena and Jana will be on aftersun next week to talk about the spin off and the host said theyâ€™re PP out of the G and no one can find it (meaning the g spot) which was just dumb and I donâ€™t think the host is very charismatic and couldnâ€™t pull off ANY jokes let alone this one. 

Then people have taken it as a slight against Leah based on her experience with producers last year but I donâ€™t think it was meant to be that deep.",24,1749393428.0,obsoletevoids,1l613tj,Season 7 - Episode 5 Aftersun ğŸ”† - Post Episode Discussion
"She's been subtly shading Huda too if you can pick up on it. She clearly isn't a fan of her/Jeremiah's relationship. After the Olandria/Huda thing the other night Ariana was QUICK to defend Olandria. Many viewers felt like that was her way of ""picking a side.""",81,1749351103.0,kaIeidoscope-,1l613tj,Season 7 - Episode 5 Aftersun ğŸ”† - Post Episode Discussion
"Tbh Iâ€™m surprised Jess still gets invited to things, she always looks a messâ€¦

â€¦ apologies to Jess for the shade.",11,1749349737.0,Ashamed_Tea_3731,1l613tj,Season 7 - Episode 5 Aftersun ğŸ”† - Post Episode Discussion
"Ariana is so biased, itâ€™s so obvious if you watched last season general episodes, aftersun and some other interviews. I like Ariana on VPR but also she is a fans of love island which I genuinely think she is not suitable for being a host. She can have her opinions but being the main host, itâ€™s better holding a little bit",-1,1749361939.0,Miserable__--,1l613tj,Season 7 - Episode 5 Aftersun ğŸ”† - Post Episode Discussion
ğŸ‘ğŸ»ğŸ‘ğŸ»ğŸ‘ğŸ»,-2,1749352063.0,Maleficent-Sundae839,1l613tj,Season 7 - Episode 5 Aftersun ğŸ”† - Post Episode Discussion
"The only problem is that Taylor has a whole other woman at home, so the new men need to come in asap. She was already too good for Taylor before I knew he was a scammer",5,1749360853.0,Caldel1992,1l613tj,Season 7 - Episode 5 Aftersun ğŸ”† - Post Episode Discussion
I love Aftersun and donâ€™t get the hate for it ğŸ˜­,5,1749380037.0,obsoletevoids,1l613tj,Season 7 - Episode 5 Aftersun ğŸ”† - Post Episode Discussion
Subtitles arenâ€™t much help. They are so bad this season and Iâ€™m dying without them.,16,1749362782.0,FredericBropin,1l613tj,Season 7 - Episode 5 Aftersun ğŸ”† - Post Episode Discussion
"""Hanner""",10,1749365647.0,cherryswitchblade,1l613tj,Season 7 - Episode 5 Aftersun ğŸ”† - Post Episode Discussion
"LI Australia is so good, takes a minute but you get used to the accents.",3,1749401309.0,tashdasher,1l613tj,Season 7 - Episode 5 Aftersun ğŸ”† - Post Episode Discussion
before,18,1749354969.0,Individual-Rub4397,1l613tj,Season 7 - Episode 5 Aftersun ğŸ”† - Post Episode Discussion
She is dumb - or she acts dumb can barely listen to her,10,1749395816.0,Artistic_Quantity446,1l613tj,Season 7 - Episode 5 Aftersun ğŸ”† - Post Episode Discussion
I mean she did literally steal Nick from Belle-A. Nothing wrong with it.,61,1749348901.0,eggsmackers,1l613tj,Season 7 - Episode 5 Aftersun ğŸ”† - Post Episode Discussion
I assumed just cuz she â€œstoleâ€ Nic from Belle-A,10,1749356859.0,One_Caramel7003,1l613tj,Season 7 - Episode 5 Aftersun ğŸ”† - Post Episode Discussion
I think Cierra makes a move on Ace. We'll probably see that tomorrow.,9,1749351226.0,kaIeidoscope-,1l613tj,Season 7 - Episode 5 Aftersun ğŸ”† - Post Episode Discussion
Because sheâ€™s that kind of girl. I took it as a compliment bc it means sheâ€™s so hot she can steal any man.,25,1749349088.0,skycat88,1l613tj,Season 7 - Episode 5 Aftersun ğŸ”† - Post Episode Discussion
Stacey dash 100%,34,1749355541.0,Comfortable_Ad_4922,1l613tj,Season 7 - Episode 5 Aftersun ğŸ”† - Post Episode Discussion
She looks like she could be Michael Ealyâ€™s sister,7,1749358328.0,lazylemonade1,1l613tj,Season 7 - Episode 5 Aftersun ğŸ”† - Post Episode Discussion
She looks like Kelly McCreary to me from Greys Anatomy,2,1749361045.0,roranicusrex,1l613tj,Season 7 - Episode 5 Aftersun ğŸ”† - Post Episode Discussion
Natalie Nunn,-3,1749357803.0,casablankas,1l613tj,Season 7 - Episode 5 Aftersun ğŸ”† - Post Episode Discussion
itâ€™s their day off from filming! from what ex Islanders have said they separate the girls and guys. they probably just closed off the hideaway so Cely and Callum could film in there,6,1749360146.0,bigfeelingsbabe,1l613tj,Season 7 - Episode 5 Aftersun ğŸ”† - Post Episode Discussion
Nah theyâ€™re not usually in the Villa. They said in the beginning that the After Sun studio is flooded so theyâ€™re shooting in the Villa this week. I assume theyâ€™re locked up in the rooms etc + thereâ€™s parts of the Villa we donâ€™t see. Itâ€™s maybe an off day for the islanders.,4,1749353267.0,One_Caramel7003,1l613tj,Season 7 - Episode 5 Aftersun ğŸ”† - Post Episode Discussion
I like hearing the difference of opinions,32,1749349648.0,honeybutterslut,1l613tj,Season 7 - Episode 5 Aftersun ğŸ”† - Post Episode Discussion
It was just a bad sex joke lolll,42,1749360902.0,ProfitTraditional298,1l613tj,Season 7 - Episode 5 Aftersun ğŸ”† - Post Episode Discussion
Yea what was that about?,6,1749360767.0,hyhy__,1l613tj,Season 7 - Episode 5 Aftersun ğŸ”† - Post Episode Discussion
"I would be so happy to never hear or see any of those women again. Nothing personal but all the overwhelming emotion, fighting (on the show, here and still worrying about Leah being mistreated. Note: sheâ€™s fine) Itâ€™s a new season - letâ€™s move on!Â ",4,1749396869.0,Effective-Avocado-71,1l613tj,Season 7 - Episode 5 Aftersun ğŸ”† - Post Episode Discussion
Do you mean Kaylor and JaNaâ€™s or did Kaylor do one by herself?,5,1749352831.0,Sensitive_Ad8829,1l613tj,Season 7 - Episode 5 Aftersun ğŸ”† - Post Episode Discussion
Agreed,8,1749350311.0,boleynFR,1l613tj,Season 7 - Episode 5 Aftersun ğŸ”† - Post Episode Discussion
"I was surprised at Leah's. It didn't work for me, and she seemed awkward.",10,1749351991.0,Realistic-Lake5897,1l613tj,Season 7 - Episode 5 Aftersun ğŸ”† - Post Episode Discussion
Sheâ€™s doing LI Games this year. Will be back for LI USA season 8,10,1749355601.0,ExtraJob1777,1l613tj,Season 7 - Episode 5 Aftersun ğŸ”† - Post Episode Discussion
"It felt a little cringe during the challenge, but I like her laugh!",0,1749388634.0,jacqueminots,1l613tj,Season 7 - Episode 5 Aftersun ğŸ”† - Post Episode Discussion
"Right, I think itâ€™s cute and doesnâ€™t seem forced tbh",0,1749388882.0,Simple-Visit6440,1l613tj,Season 7 - Episode 5 Aftersun ğŸ”† - Post Episode Discussion
bell-dash-uh,48,1749349043.0,-Petty-Crocker-,1l613tj,Season 7 - Episode 5 Aftersun ğŸ”† - Post Episode Discussion
It legit took me watching After Sun tonight to finally understand the Reddit comments calling her â€œBelldashaâ€ ğŸ¥²,6,1749354012.0,pickalull,1l613tj,Season 7 - Episode 5 Aftersun ğŸ”† - Post Episode Discussion
I pronounce it the way Nic does (same as you),10,1749349030.0,ohwow28,1l613tj,Season 7 - Episode 5 Aftersun ğŸ”† - Post Episode Discussion
I say it the way you doâ€” I think Ariana just said it wrong lol,9,1749349035.0,Positive_Deer6281,1l613tj,Season 7 - Episode 5 Aftersun ğŸ”† - Post Episode Discussion
I mean I figured it was dash because the hyphen (-) is pronounced that way lol,1,1749368815.0,the100broken,1l613tj,Season 7 - Episode 5 Aftersun ğŸ”† - Post Episode Discussion
Thatâ€™s how I say it,1,1749348571.0,Appropriate-Peach-63,1l613tj,Season 7 - Episode 5 Aftersun ğŸ”† - Post Episode Discussion
"She will be back, she was double booked",9,1749353460.0,Sweetrk-2020,1l613tj,Season 7 - Episode 5 Aftersun ğŸ”† - Post Episode Discussion
I love Amayaâ€™s look and awkward laugh and I also love Hannahâ€™s personality she seems cool and quirky,5,1749361736.0,Brittney_Gray,1l613tj,Season 7 - Episode 5 Aftersun ğŸ”† - Post Episode Discussion
She had an allergic reaction to a new product. She posted about it in a blog she did on TikTok,10,1749403160.0,aintgoinbacknforth,1l613tj,Season 7 - Episode 5 Aftersun ğŸ”† - Post Episode Discussion
I thought they were talking about Cierra taking Nic from Bella when they said sheâ€™s most likely to take your man.,9,1749348507.0,None,1l613tj,Season 7 - Episode 5 Aftersun ğŸ”† - Post Episode Discussion
Was this filmed after recoupling?,1,1749348453.0,loreiix,1l613tj,Season 7 - Episode 5 Aftersun ğŸ”† - Post Episode Discussion
found it!,3,1749351011.0,Real_Karma_009,1l613tj,Season 7 - Episode 5 Aftersun ğŸ”† - Post Episode Discussion
she posted something on instagram the other day about having a rash from a reaction to a product (i think) and that if you see it â€œno you didnâ€™tâ€ LOL,9,1749368514.0,stardustlovrr,1l613tj,Season 7 - Episode 5 Aftersun ğŸ”† - Post Episode Discussion
YouTube?,1,1749424080.0,CRLTSUX,1l613tj,Season 7 - Episode 5 Aftersun ğŸ”† - Post Episode Discussion
No just a bad joke,53,1749349835.0,None,1l613tj,Season 7 - Episode 5 Aftersun ğŸ”† - Post Episode Discussion
i think itâ€™s more abt how no one talks abt the g spot?,7,1749369974.0,lovebbygrapes,1l613tj,Season 7 - Episode 5 Aftersun ğŸ”† - Post Episode Discussion
"not the â€˜New Redditorsâ€™ getting upset about PPG, itâ€™s never that serious. it was just a joke ğŸ˜­",4,1749387187.0,goldeylocs,1l613tj,Season 7 - Episode 5 Aftersun ğŸ”† - Post Episode Discussion
Was wondering the same thing!,2,1749353837.0,pickalull,1l613tj,Season 7 - Episode 5 Aftersun ğŸ”† - Post Episode Discussion
"""G"" is clearly Leah",-4,1749351023.0,kaIeidoscope-,1l613tj,Season 7 - Episode 5 Aftersun ğŸ”† - Post Episode Discussion
If PPG breaks up I'm boycotting love island,-6,1749351948.0,Proud-Image2425,1l613tj,Season 7 - Episode 5 Aftersun ğŸ”† - Post Episode Discussion
Doesnâ€™t G just stand for girls? How would that be Leah,3,1749388733.0,jacqueminots,1l613tj,Season 7 - Episode 5 Aftersun ğŸ”† - Post Episode Discussion
"It's nothing between the actual girls of PPG, they're still very close. The hosts were just slightly shading Leah probably because she wants nothing to do with the show anymore. If you look at one of her latest TikToks Leah mentions it in the caption.",1,1749372124.0,No-Pie2158,1l613tj,Season 7 - Episode 5 Aftersun ğŸ”† - Post Episode Discussion
"In the spirit of Reddit, please remember the human and lets be nice to each other. This subreddit is intended to be lighthearted and fun so we can enjoy Love Island. We should do our best to refrain from mean-spirited commentary. Posts and comments will be removed if they are bullying, hateful, or harmful in nature or are contributing to it. 

Depending on the level of the offense, the original action that warranted this removal may come with further moderation action. You will receive a second message if this is the case. 

We ask that you take this time to review our [rules](https://www.reddit.com/r/LoveIslandUSA/wiki/rules#wiki_3._no_bullying.2C_hateful.2C_or_harmful_language_towards_islanders_or_other_users) which can be found on the sidebar of LoveIslandUSA homepage. 

Please message us if you would like to inquire how to avoid breaking this rule in the future or believe you may have received this message in error. We hope you continue to enjoy Love Island.",1,1749367427.0,LoveIslandUSA-ModTeam,1l613tj,Season 7 - Episode 5 Aftersun ğŸ”† - Post Episode Discussion
Theyâ€™re like brother and sister! I wouldnâ€™t take it so seriously,8,1749352505.0,Healthy_Giraffe_5893,1l613tj,Season 7 - Episode 5 Aftersun ğŸ”† - Post Episode Discussion
A free woman who gets to like or not like who she chooses?,14,1749351572.0,sansebast,1l613tj,Season 7 - Episode 5 Aftersun ğŸ”† - Post Episode Discussion
Heâ€™s shown a few on his TikTok,1,1749380277.0,obsoletevoids,1l613tj,Season 7 - Episode 5 Aftersun ğŸ”† - Post Episode Discussion
They toooootally have banged.. or they will tonight lmaooo,25,1749352002.0,honeybutterslut,1l613tj,Season 7 - Episode 5 Aftersun ğŸ”† - Post Episode Discussion
Oh I know it.  I just love it  because I know it stings her racist ass.,32,1749351649.0,-Petty-Crocker-,1l613tj,Season 7 - Episode 5 Aftersun ğŸ”† - Post Episode Discussion
I wish they had live cams like big brother ğŸ˜© Iâ€™d pay extra for access,11,1749393602.0,obsoletevoids,1l613tj,Season 7 - Episode 5 Aftersun ğŸ”† - Post Episode Discussion
Theyâ€™re coming off as like a bad 2000s b movie â€œhot girlsâ€,18,1749357589.0,gluckgluck10000,1l613tj,Season 7 - Episode 5 Aftersun ğŸ”† - Post Episode Discussion
Esp compared to Olandria & Chelley,3,1749369901.0,StrikeWorldly9112,1l613tj,Season 7 - Episode 5 Aftersun ğŸ”† - Post Episode Discussion
Olandriahrr,9,1749351253.0,kaIeidoscope-,1l613tj,Season 7 - Episode 5 Aftersun ğŸ”† - Post Episode Discussion
"Silly, maybe, but also charming and very hot ğŸ”¥ğŸ”¥ğŸ”¥",5,1749357859.0,Realistic-Lake5897,1l613tj,Season 7 - Episode 5 Aftersun ğŸ”† - Post Episode Discussion
"Mine, too, by far. Great personality and I've always thought he's fine as hell.",5,1749401120.0,Realistic-Lake5897,1l613tj,Season 7 - Episode 5 Aftersun ğŸ”† - Post Episode Discussion
The best!!!,4,1749355592.0,Realitygirl25,1l613tj,Season 7 - Episode 5 Aftersun ğŸ”† - Post Episode Discussion
After sun is an acquired taste. I usually am meh on them first few episodes of a season and then fully sat by the end,6,1749361929.0,brashumpire,1l613tj,Season 7 - Episode 5 Aftersun ğŸ”† - Post Episode Discussion
"v valid, I think Iâ€™m used to being so utterly bored during them so it beat my very low expectationsğŸ¤£",1,1749408464.0,Commercial_Candy_743,1l613tj,Season 7 - Episode 5 Aftersun ğŸ”† - Post Episode Discussion
"Iâ€™m still going to give them a chance. So far, Iâ€™ve definitely enjoyed hannah more out of the two of them. She comes across silly, whereas Amaya is a bit scripted but she could still be uncomfortable and getting used to being on camera.

We still likely have around 2 pre casa girls coming in and 3 (maybe 4) pre casa guys left too. So hopefully theyâ€™re all top tier and actually cause serious shakeups",14,1749361083.0,Caldel1992,1l613tj,Season 7 - Episode 5 Aftersun ğŸ”† - Post Episode Discussion
I need a jaw dropping bombshell. They are attractive but not bombshell level,12,1749357266.0,rave_kitty1,1l613tj,Season 7 - Episode 5 Aftersun ğŸ”† - Post Episode Discussion
"Totally like Huda could've just said something like ""I personally feel like she's playing a game but I guess we'll see where this goes"" and not made it so personal. 

She definitely is quite insecure",14,1749361872.0,brashumpire,1l613tj,Season 7 - Episode 5 Aftersun ğŸ”† - Post Episode Discussion
Fully agree - i think it's her laugh for me?? Like it just comes off so forced and doesn't seem to reach her eyes haha but i love she came in hard and fast for jeremiah - huda killed me that whole challenge,27,1749353359.0,neelshret,1l613tj,Season 7 - Episode 5 Aftersun ğŸ”† - Post Episode Discussion
"Even if she saw nothing (which we know she at least saw tidbits to stir up some dramz), Jeremiah and the boys straight up told her that he was with someone he really liked and wanted to maintain respect. She went back and told all the girls, and Amaya proceeds to her talking head to say, â€œJeremiah hasnâ€™t indicated anything to me that heâ€™s uninterested in moving forwardâ€ or something along those lines-LOL! She messy!",5,1749370956.0,fuzzyblackelephant,1l613tj,Season 7 - Episode 5 Aftersun ğŸ”† - Post Episode Discussion
Yesssss thatâ€™s what it was!,2,1749371813.0,bobaaficionado,1l613tj,Season 7 - Episode 5 Aftersun ğŸ”† - Post Episode Discussion
Yeah could be! But she could move to Austin or aceâ€¦ we Will seeÂ ,3,1749394808.0,Normal-Ad7269,1l613tj,Season 7 - Episode 5 Aftersun ğŸ”† - Post Episode Discussion
Yeah I thought so because of her lookâ€¦. But i might be completely wrong. Ill just waitÂ ,3,1749388742.0,Normal-Ad7269,1l613tj,Season 7 - Episode 5 Aftersun ğŸ”† - Post Episode Discussion
This man loves his percentages ğŸ˜­ğŸ˜­âœ‹ğŸ»,15,1749370122.0,StrikeWorldly9112,1l613tj,Season 7 - Episode 5 Aftersun ğŸ”† - Post Episode Discussion
True. I feel like nic will choose dasha and ace will choose chelley. Austin will probably choose hannah unless charlie has the option first and then Amaya and Cierra are vulnerable. I feel like Cierra will be saved and Amaya will go home,9,1749350589.0,Personal_Guidance647,1l613tj,Season 7 - Episode 5 Aftersun ğŸ”† - Post Episode Discussion
No kidding.,5,1749351804.0,Realistic-Lake5897,1l613tj,Season 7 - Episode 5 Aftersun ğŸ”† - Post Episode Discussion
No way. bombshells will get to pick first and then the boys will choose from the remaining girls,10,1749353905.0,Wizergal,1l613tj,Season 7 - Episode 5 Aftersun ğŸ”† - Post Episode Discussion
ğŸ˜­ğŸ’” i really hope somehow she gets saved,18,1749351283.0,chuuniversal,1l613tj,Season 7 - Episode 5 Aftersun ğŸ”† - Post Episode Discussion
OHHHH okay this make sense! I came here because I took that â€œjokeâ€ as if maybe they had a falling out so I needed answers. I appreciate this explanation ğŸ«¶ğŸ½,3,1749479105.0,Intelligent-Lab8568,1l613tj,Season 7 - Episode 5 Aftersun ğŸ”† - Post Episode Discussion
I definitely didn't get that from her delivery. I thought it was a diss against Leah and came here to double checkğŸ˜…,5,1749396234.0,Living-Assistant-835,1l613tj,Season 7 - Episode 5 Aftersun ğŸ”† - Post Episode Discussion
"Yes, it's so obvious she can't say anything direct about not liking Huda. It's obvious she's not a fan.",1,1749426424.0,Fancy-Ant-8883,1l613tj,Season 7 - Episode 5 Aftersun ğŸ”† - Post Episode Discussion
Her makeup wasâ€¦ interesting,3,1749370042.0,StrikeWorldly9112,1l613tj,Season 7 - Episode 5 Aftersun ğŸ”† - Post Episode Discussion
"At this point sheâ€™s just the designated tag along for Callum ğŸ˜­

perhaps he canâ€™t travel without a buddy ğŸ˜‚ğŸ˜‚ğŸ˜‚",1,1749356689.0,Cutiger29,1l613tj,Season 7 - Episode 5 Aftersun ğŸ”† - Post Episode Discussion
I don't like Cely's black hair either.,-16,1749351901.0,Realistic-Lake5897,1l613tj,Season 7 - Episode 5 Aftersun ğŸ”† - Post Episode Discussion
I'm not buying this yall can fall for that clout chaser but i won't,19,1749368116.0,TotallyTyler15,1l613tj,Season 7 - Episode 5 Aftersun ğŸ”† - Post Episode Discussion
Wait what?,3,1749363957.0,ixixan,1l613tj,Season 7 - Episode 5 Aftersun ğŸ”† - Post Episode Discussion
Yes!! Itâ€™s so hardâ€¦ I need peacock to step up with the subtitles.,5,1749372183.0,bobaaficionado,1l613tj,Season 7 - Episode 5 Aftersun ğŸ”† - Post Episode Discussion
I have to turn my tv up on 50 just to hear everyone enough to understand ğŸ˜­,1,1749380094.0,obsoletevoids,1l613tj,Season 7 - Episode 5 Aftersun ğŸ”† - Post Episode Discussion
Lol! I think sheâ€™s just awkward and nervous. Inexperienced in dating and when she gets uncomfortable she does that very strange accent. Seems like a genuinely nice human.Â ,9,1749396575.0,Effective-Avocado-71,1l613tj,Season 7 - Episode 5 Aftersun ğŸ”† - Post Episode Discussion
Yeah but she said it like she did it to her. She also called ace a game player w the same energy,8,1749348955.0,AnotherAnon688264759,1l613tj,Season 7 - Episode 5 Aftersun ğŸ”† - Post Episode Discussion
i hope that's it. or maybe she found out cierra kissed nic immediately after bella did in the last episode??,-2,1749357791.0,AnotherAnon688264759,1l613tj,Season 7 - Episode 5 Aftersun ğŸ”† - Post Episode Discussion
sheâ€™s also a libra sun and moon sheâ€™s the biggest flirt imaginable and i love that for her/us!,-2,1749356786.0,moonprincess642,1l613tj,Season 7 - Episode 5 Aftersun ğŸ”† - Post Episode Discussion
They are literally Clueless ğŸ¤£ a little pun intended,20,1749357207.0,rave_kitty1,1l613tj,Season 7 - Episode 5 Aftersun ğŸ”† - Post Episode Discussion
"OMG YES Thatâ€™s exactly who it is, thank youğŸ˜‚",6,1749356058.0,Competition-Over,1l613tj,Season 7 - Episode 5 Aftersun ğŸ”† - Post Episode Discussion
then was the joke in the room with us? it really was bad ğŸ¤£,13,1749364806.0,Western-Spring-9888,1l613tj,Season 7 - Episode 5 Aftersun ğŸ”† - Post Episode Discussion
What was the joke?,3,1749365530.0,Gullible_Escape_412,1l613tj,Season 7 - Episode 5 Aftersun ğŸ”† - Post Episode Discussion
"Yeah, but not many people are aware of it so they'll assume it's a shade towards Leah especially if they're also talking about PPG.",0,1749361896.0,Guilty_Fee9195,1l613tj,Season 7 - Episode 5 Aftersun ğŸ”† - Post Episode Discussion
see another person said it was a bad sex joke but likeâ€¦? where was it?,9,1749364866.0,Western-Spring-9888,1l613tj,Season 7 - Episode 5 Aftersun ğŸ”† - Post Episode Discussion
"Yea Kaylor and Janaâ€™s, but I mean out of all the islanders in the commercials",1,1749353274.0,skycat88,1l613tj,Season 7 - Episode 5 Aftersun ğŸ”† - Post Episode Discussion
"Thatâ€™s just kinda Leah anytime sheâ€™s doing something thatâ€™s scripted. If sheâ€™s not just being herself it comes off stiff. Same with the Dunkin commercial and even with her heart race challenge when she was doing all the one liners last season. It worked there cuz her whole thing was over the top/tongue in cheek but she brings that same kinda energy anytime sheâ€™s acting.

I will say tho that I thought she was more awkward in the 1st one I saw, the 2nd commercial I saw today I thought she seemed more natural.

But to be fair none of them are actors and they all kinda put on an â€œIâ€™m acting right nowâ€ delivery with scripted work - Leahâ€™s just the most blatant then maybe JaNa. I agree with OP, Kaylor has the best delivery in these set of commercials. Iâ€™ve seen certain IG ads from her tho in the past that were a lil stiff too. But at least we know theyâ€™re all being their authentic selves on the show!",9,1749358218.0,One_Caramel7003,1l613tj,Season 7 - Episode 5 Aftersun ğŸ”† - Post Episode Discussion
No itâ€™s the Traitors lol,8,1749367251.0,the100broken,1l613tj,Season 7 - Episode 5 Aftersun ğŸ”† - Post Episode Discussion
[deleted],-5,1749404061.0,None,1l613tj,Season 7 - Episode 5 Aftersun ğŸ”† - Post Episode Discussion
"I didn't get that impression, because she was a bombshell, that literally doesn't count.",1,1749352360.0,gluemanmw,1l613tj,Season 7 - Episode 5 Aftersun ğŸ”† - Post Episode Discussion
Before,5,1749348690.0,None,1l613tj,Season 7 - Episode 5 Aftersun ğŸ”† - Post Episode Discussion
can you share it please?,1,1749351317.0,baby-social,1l613tj,Season 7 - Episode 5 Aftersun ğŸ”† - Post Episode Discussion
yes can you share it?,1,1749351817.0,Antique_Try4325,1l613tj,Season 7 - Episode 5 Aftersun ğŸ”† - Post Episode Discussion
"Whose upset? It was a question I donâ€™t spend my whole life keeping up with PPG, I was wondering if anything happened that I missedÂ ",1,1749519214.0,MuchHyena5448,1l613tj,Season 7 - Episode 5 Aftersun ğŸ”† - Post Episode Discussion
"Their kiss would be ""incestrial"" as the articulate Callum asserted haha",4,1749367272.0,NoRazzmatazz742,1l613tj,Season 7 - Episode 5 Aftersun ğŸ”† - Post Episode Discussion
I didn't take it seriously.,-4,1749352991.0,Realistic-Lake5897,1l613tj,Season 7 - Episode 5 Aftersun ğŸ”† - Post Episode Discussion
"Who said she can't like who she chooses? 

The problem with her is acting sick when she thinks of Callum. Of course I'm getting downvoted like crazy because this sub never allows a negative comment about Cely.",-9,1749351720.0,Realistic-Lake5897,1l613tj,Season 7 - Episode 5 Aftersun ğŸ”† - Post Episode Discussion
LMAO fwb only during the love island usa season,7,1749380316.0,obsoletevoids,1l613tj,Season 7 - Episode 5 Aftersun ğŸ”† - Post Episode Discussion
ğŸ¤£ğŸ¤£ğŸ¤£,4,1749353741.0,pickalull,1l613tj,Season 7 - Episode 5 Aftersun ğŸ”† - Post Episode Discussion
OMG I would never stop watching tho but yes please,3,1749405613.0,iyamsnail,1l613tj,Season 7 - Episode 5 Aftersun ğŸ”† - Post Episode Discussion
"My gosh I would get NOTHING done.

Sounds dreamy.",2,1749414821.0,freakazoidchimpanzE,1l613tj,Season 7 - Episode 5 Aftersun ğŸ”† - Post Episode Discussion
Exactly. And part of me wonders how much producers are like â€œokay go in with this energy!!!â€ Or if they just say be fun and bubbly and they take it to the extreme ğŸ¥´,10,1749358616.0,ReginaPhalange678,1l613tj,Season 7 - Episode 5 Aftersun ğŸ”† - Post Episode Discussion
Heâ€™s got the fboy confidence thatâ€™s so attractive ğŸ¥²,4,1749402037.0,obsoletevoids,1l613tj,Season 7 - Episode 5 Aftersun ğŸ”† - Post Episode Discussion
when does casa amor usually begin? i hope this season is longer like the uk one,2,1749387368.0,Wizergal,1l613tj,Season 7 - Episode 5 Aftersun ğŸ”† - Post Episode Discussion
ya i canâ€™t with certain laughs ğŸ˜­ i feel like sheâ€™s moving too fast probably just scared sheâ€™ll leave early. i want her to stick around for the drama huda needs to chill just a little,3,1749353463.0,irdgaflol,1l613tj,Season 7 - Episode 5 Aftersun ğŸ”† - Post Episode Discussion
exactly! like i donâ€™t think sheâ€™s a terrible person but i think sheâ€™s messy and when you have that gut feeling you know. also happy cake day!,2,1749392894.0,irdgaflol,1l613tj,Season 7 - Episode 5 Aftersun ğŸ”† - Post Episode Discussion
Oop! Weâ€™ll see then!!,1,1749388853.0,jacqueminots,1l613tj,Season 7 - Episode 5 Aftersun ğŸ”† - Post Episode Discussion
No way the bombshells get dumped 1 day after coming in. They will be immune and pick a boy each.,19,1749350902.0,kaIeidoscope-,1l613tj,Season 7 - Episode 5 Aftersun ğŸ”† - Post Episode Discussion
"They donâ€™t send bombshells home when they first arrive. I see them letting the bombshells pick first and based on the commentary tonight from Amaya, sheâ€™ll prob pick Ace.",17,1749350950.0,birthdaycake790,1l613tj,Season 7 - Episode 5 Aftersun ğŸ”† - Post Episode Discussion
"Yeah if bombshells pick first then Amaya will steal either Ace or J that will leave Huda vulnerable with one extra girl then the housemates will choose Huda to stay I donâ€™t know man, I donâ€™t think a bombshell that just got there will get sent home surely not? Chelly is safe because she has Austin and Ace. Cierra and Huda are the ones likely dumped if bombshells pick first",8,1749350844.0,Fast_Diet_2559,1l613tj,Season 7 - Episode 5 Aftersun ğŸ”† - Post Episode Discussion
there are more girls than guys right now so the guys will pick and one girl will go home,2,1749360261.0,bigfeelingsbabe,1l613tj,Season 7 - Episode 5 Aftersun ğŸ”† - Post Episode Discussion
I think if youâ€™re looking for it to be a diss you can see it. Otherwise it was just confusing,8,1749397807.0,obsoletevoids,1l613tj,Season 7 - Episode 5 Aftersun ğŸ”† - Post Episode Discussion
I don't get how JaNa and Serena would be PEE PEE and Leah the G spot that we don't talk about. Maybe we should protest JaNa and Serena being the PP... People try to find the something to be offended about?,4,1749405132.0,Own-Honey-9728,1l613tj,Season 7 - Episode 5 Aftersun ğŸ”† - Post Episode Discussion
Everyone in there is a clout chaser aka (influencers),1,1749384574.0,bingewatcher101,1l613tj,Season 7 - Episode 5 Aftersun ğŸ”† - Post Episode Discussion
General public will fall for anything I'm afraid,1,1749613150.0,Ordinary-Shelter6184,1l613tj,Season 7 - Episode 5 Aftersun ğŸ”† - Post Episode Discussion
"Some random girl on Tiktok posted texts from Taylor one of which talks about going on Love Island but conveniently doesn't have his contact name in that screen shot and people are using it as confirmation bias that he's no good. 

It's weird",8,1749368173.0,TotallyTyler15,1l613tj,Season 7 - Episode 5 Aftersun ğŸ”† - Post Episode Discussion
I think yâ€™all are reaching. They were talking about Cierra taking Nic from Bella and nothing is gonna come of this theory yâ€™all have.,27,1749349294.0,None,1l613tj,Season 7 - Episode 5 Aftersun ğŸ”† - Post Episode Discussion
They also confirmed Chelley still likes Ace and Iâ€™m pretty sure theyâ€™re still cool with Cierra. There is no beef.,25,1749349427.0,None,1l613tj,Season 7 - Episode 5 Aftersun ğŸ”† - Post Episode Discussion
"Here you go, I had to keep pausing the video to get this accurately ğŸ¤£ 

""SOPHIE: I have just been told that two thirds of PPG, that's JaNa and Serena will be here on aftersun next week to give us the inside scoop on Beyond the Villa

CELY: PP, Iconic!

SOPHIE: What about the Gs? No one talks about that, do they?""

THE INTERPRETATION FROM EVERYONE WHO GOT THE JOKE COZ I MISSED IT TOO: The G stands for G - spot (No further explanation needed). Makes sense that we initially misinterpreted it as shade to the missing member and that's the consequence of a badly written joke ğŸ’€",25,1749370058.0,OfferSensitive3048,1l613tj,Season 7 - Episode 5 Aftersun ğŸ”† - Post Episode Discussion
they meant sheâ€™ll be back for love island games,2,1749368337.0,stardustlovrr,1l613tj,Season 7 - Episode 5 Aftersun ğŸ”† - Post Episode Discussion
Wow!! Seriously??,2,1749380690.0,pickalull,1l613tj,Season 7 - Episode 5 Aftersun ğŸ”† - Post Episode Discussion
Traitors AND LI Games,2,1749405115.0,ExtraJob1777,1l613tj,Season 7 - Episode 5 Aftersun ğŸ”† - Post Episode Discussion
"It was on her face, chin, and neck in her vlogâ€¦ she probably just had foundation on her face and they didnâ€™t bring it down so it wasnâ€™t irritated further. Idk why youâ€™d think she would lie lmao",4,1749407948.0,aintgoinbacknforth,1l613tj,Season 7 - Episode 5 Aftersun ğŸ”† - Post Episode Discussion
Is it not literally a bombshellâ€™s job to steal your man/woman? What do you mean that doesnâ€™t count?,5,1749352490.0,None,1l613tj,Season 7 - Episode 5 Aftersun ğŸ”† - Post Episode Discussion
Are you in canada?? Or do you have a vpn to here???,1,1749353733.0,Real_Karma_009,1l613tj,Season 7 - Episode 5 Aftersun ğŸ”† - Post Episode Discussion
Sheâ€™s allowed to say it makes her want to throw up lmao. Free will baby!,4,1749351833.0,sansebast,1l613tj,Season 7 - Episode 5 Aftersun ğŸ”† - Post Episode Discussion
You already know hehe ğŸ˜‰,1,1749404600.0,Realistic-Lake5897,1l613tj,Season 7 - Episode 5 Aftersun ğŸ”† - Post Episode Discussion
after 2/3 weeks,1,1749392692.0,bigmicahbaby,1l613tj,Season 7 - Episode 5 Aftersun ğŸ”† - Post Episode Discussion
Around day 16!,1,1749430263.0,Caldel1992,1l613tj,Season 7 - Episode 5 Aftersun ğŸ”† - Post Episode Discussion
She did have ace and austin high with the baseball thing so maybe cierra Will make a move?Â ,2,1749391786.0,Normal-Ad7269,1l613tj,Season 7 - Episode 5 Aftersun ğŸ”† - Post Episode Discussion
I think Amaya will talk to Jeremiah one more time and get a hard no and go for Ace. So it likely will be Cierra since I feel like Nic will flip back.,4,1749356464.0,Cutiger29,1l613tj,Season 7 - Episode 5 Aftersun ğŸ”† - Post Episode Discussion
Ohhhh that makes sense bombshells pick first. That makes things more interesting!!,2,1749351071.0,Personal_Guidance647,1l613tj,Season 7 - Episode 5 Aftersun ğŸ”† - Post Episode Discussion
Wasnâ€™t that the only post on her account too?,3,1749380122.0,obsoletevoids,1l613tj,Season 7 - Episode 5 Aftersun ğŸ”† - Post Episode Discussion
I hope Iâ€™m reaching. I love cierra and chelleys friendship and I hope a raggedy man doesnâ€™t come between them. Chelleys reaction just made me nervous.,2,1749349462.0,AnotherAnon688264759,1l613tj,Season 7 - Episode 5 Aftersun ğŸ”† - Post Episode Discussion
Thank god I was afraid he screwed it up,0,1749349503.0,AnotherAnon688264759,1l613tj,Season 7 - Episode 5 Aftersun ğŸ”† - Post Episode Discussion
"I don't think this was it personally lol I think it's slight Leah shade if we're being so fr. Anything to bring viewers in. Plus, Leah addressed it in a TikTok caption something like ""still talking about me a year later""",8,1749371926.0,No-Pie2158,1l613tj,Season 7 - Episode 5 Aftersun ğŸ”† - Post Episode Discussion
I think Iâ€™m dumb because I donâ€™t get it lol,2,1749388702.0,jacqueminots,1l613tj,Season 7 - Episode 5 Aftersun ğŸ”† - Post Episode Discussion
i have a vpn!,1,1749354960.0,Antique_Try4325,1l613tj,Season 7 - Episode 5 Aftersun ğŸ”† - Post Episode Discussion
And I'm allowed to criticize her for it.,-8,1749352351.0,Realistic-Lake5897,1l613tj,Season 7 - Episode 5 Aftersun ğŸ”† - Post Episode Discussion
it was,4,1749380473.0,TotallyTyler15,1l613tj,Season 7 - Episode 5 Aftersun ğŸ”† - Post Episode Discussion
Omg I just went and checked her account and she's also liking the comments that are mentioning it. That's quite unfortunate. It leaves a bad taste especially now that weirdos are starting to attack the other girls on the basis of such a lame statement. I hope it gets addressed coz I'm starting to notice a pattern with production this season.,5,1749375306.0,OfferSensitive3048,1l613tj,Season 7 - Episode 5 Aftersun ğŸ”† - Post Episode Discussion
Ctv.ca and then search â€œlove island aftersunâ€,1,1749355014.0,Real_Karma_009,1l613tj,Season 7 - Episode 5 Aftersun ğŸ”† - Post Episode Discussion
"You can say whatever you want. I answered your question: â€œwho does she think she is?â€â€”a free woman can like and dislike who she wants, up to and even exceeding disliking them so much she wants to vomit.",3,1749355394.0,sansebast,1l613tj,Season 7 - Episode 5 Aftersun ğŸ”† - Post Episode Discussion
really? i tried ctv earlier but i'll try again,1,1749355194.0,Antique_Try4325,1l613tj,Season 7 - Episode 5 Aftersun ğŸ”† - Post Episode Discussion
You're such a feminist.,-4,1749357824.0,Realistic-Lake5897,1l613tj,Season 7 - Episode 5 Aftersun ğŸ”† - Post Episode Discussion
Yes I just finished lmk if it works,1,1749355423.0,Real_Karma_009,1l613tj,Season 7 - Episode 5 Aftersun ğŸ”† - Post Episode Discussion
The sky is blue.,1,1749365613.0,sansebast,1l613tj,Season 7 - Episode 5 Aftersun ğŸ”† - Post Episode Discussion
